{"Manchester United":"Fotbollslag","Real Madrid":"Fotbollslag","FC Barcelona ":"Fotbollslag","Juventus":"Fotbollslag","Liverpool":"Fotbollslag","Manchester City":"Fotbollslag","Bayern Munich":"Fotbollslag","PSG":"Fotbollslag","Lars Winnerb\u00E4ck":"Svensk Musiker","H\u00E5kan Hellstr\u00F6m":"Svensk Musiker","Avicii":"Svensk Musiker","ABBA":"Svensk Musikgrupp","Kent":"Svensk Musikgrupp","The Beatles":"Brittisk Musikgrupp","Rolling Stones":"Brittisk Musikgrupp","Nirvana":"Amerikansk Musikgrupp","Malm\u00F6":"Svensk Stad","Stockholm":"Svensk Stad","G\u00F6teborg":"Svensk Stad","New York":"Amerikansk Stad","Los Angeles":"Amerikansk Stad","London":"Brittisk Stad","Paris":"Fransk Stad","Berlin":"Tysk Stad","Tokyo":"Japansk Stad","\u00C4pple":"Frukt","Banan":"Frukt","Apelsin":"Frukt","Kiwi":"Frukt","Mango":"Frukt","Bj\u00F6rk":"Tr\u00E4d","Ek":"Tr\u00E4d","V\u00E4derkvarn":"Snurrar i vinden","Vindkraftverk":"Snurrar i vinden","Vattenkran":"Anv\u00E4nds f\u00F6r att f\u00E5 vatten","Gr\u00E4vmaskin":"Att g\u00F6ra stora h\u00E5l med","Bil":"Fordon","Buss":"Fordon","Cykel":"Fordon","Flygplan":"Fordon","B\u00E5t":"Fordon","Hund":"Djur","Katt":"Djur","Ko":"Djur","H\u00E4st":"Djur","Fisk":"Djur","Sverige":"Land","Norge":"Land","Danmark":"Land","Finland":"Land","Island":"Land","USA":"Land","Kina":"Land","Ryssland":"Land","Brasilien":"Land","Indien":"Land","Kanada":"Land","Australien":"Land","Sydafrika":"Land","Egypten":"Land","Italien":"Land","Spanien":"Land","Frankrike":"Land","Tacos":"Mexikanskt","Pizza":"Italienskt","Hamburgare":"Amerikanskt","Sushi":"Japanskt","K\u00F6ttbullar":"Svenskt","Korv":"Tyskt","K\u00E4rlek":"K\u00E4nsla","Lycka":"K\u00E4nsla","H\u00E4lsa":"Tillst\u00E5nd","Skola":"Utbildning","Arbete":"Syssels\u00E4ttning","Kaffe":"Dryck","Te":"Dryck","Choklad":"Godis","Kex":"Snack","T\u00E5rta":"Efterr\u00E4tt","Soppa":"M\u00E5ltid","Kl\u00E4der":"Mode","Skor":"Accessoar","V\u00E4ska":"Accessoar","Biljett":"Resa","Semester":"Fritid","Sport":"Aktivitet","Spel":"Underh\u00E5llning","Musik":"Konstform","Film":"Underh\u00E5llning","Teater":"Konstform","Dans":"Konstform","Fotografi":"Konstform","Bok":"Litteratur","Tidning":"Media","Webbplats":"Internet","Dator":"Teknik","Smartphone":"Teknik","App":"Programvara","Spelkonsole":"Underh\u00E5llning","Kamera":"Utrustning","V\u00E4der":"Naturfenomen","Hav":"Vattenmassa","Berg":"Geografi","Sj\u00F6":"Vattenmassa","Flod":"Vattenmassa","\u00D6ken":"Geografi","Regnskog":"Biom","Stj\u00E4rna":"Astronomi","Planeter":"Astronomi","Universum":"Kosmos","M\u00E5ne":"Astronomi","Himmel":"Atmosf\u00E4r","Blomma":"V\u00E4xt","Gr\u00E4s":"V\u00E4xt","Tr\u00E4dg\u00E5rd":"Utomhus","Natur":"Milj\u00F6","K\u00F6k":"Rum","Vardagsrum":"Rum","Sovrum":"Rum","Badrum":"Rum","Hall":"Rum","Epistemologi":"L\u00E4ran om kunskap","Oxymoron":"Motstridig term","Kalejdoskop":"Optisk apparat","Paradox":"Till synes orimlig \u00E5sikt","Dilemma":"Sv\u00E5r valm\u00F6jlighet","Empati":"F\u00F6rm\u00E5ga att f\u00F6rst\u00E5 k\u00E4nslor","Eufemism":"Mildare uttryck","Antropologi":"Studie av m\u00E4nniskor och kulturer","Kryptografi":"Koden f\u00F6r s\u00E4ker kommunikation","Anekdot":"Kort ber\u00E4ttelse om en h\u00E4ndelse","Astronaut":"Rymdfarare","Galax":"Stj\u00E4rnsystem","Svart h\u00E5l":"Gravitationellt f\u00E4lt","Nebulosa":"Gas- och stoft\u00E4ckta omr\u00E5den","Komet":"Is- och stoftkropp","Asteroid":"Fj\u00E4llig rymdsten","Sol":"V\u00E5r stj\u00E4rna","Jupiter":"St\u00F6rsta planeten","Mars":"Den r\u00F6da planeten","Venus":"Den heta planeten","Saturnus":"K\u00E4nd f\u00F6r sina ringar","Merkurius":"N\u00E4rmaste planeten till solen","Uranus":"Kall gasplanet","Neptunus":"Den bl\u00E5 planeten","Exoplanet":"Planet utanf\u00F6r v\u00E5rt solsystem","Meteor":"Rymdsten som brinner","Supernova":"Explosion av en stj\u00E4rna","Dwarf planet":"Klassificering av vissa planeter","Teleskop":"Anv\u00E4nds f\u00F6r att observera rymden","Planet":"Himmlakroppar","Dash":"Superhj\u00E4lte","Violet":"Superhj\u00E4ltar","Mr incredible":"Superhj\u00E4ltar","Elastaflickan":"Superhjeltar","Ebba och vidar":"Kommpisar"}